,Model1,Model2,Model3
Fold1,76.62497854787166,76.42780700478842,75.96005621339717
Fold2,74.47373574042491,74.2372116535971,73.73316006004774
Fold3,71.4531933185279,71.19885863667048,70.9333815020239
Fold4,71.56813850085149,71.36467617212152,70.88952694894974
Fold5,66.74329489654512,66.47551279428656,66.01691297329918
Average,72.17266820084423,71.94081325229281,71.50660753954355
