,Model1,Model2,Model3,Model4
Fold1,13.14909199741793,12.924149288828266,12.836031684402368,12.823981082830239
Fold2,13.106741747627018,12.906610733838093,12.827143228712455,12.816571857549217
Fold3,13.050161005821083,12.855414556211633,12.756821744689729,12.744411380068591
Fold4,13.096886188738349,12.843340203836549,12.74059019360296,12.71712569161931
Fold5,12.880467514034935,12.696979678850594,12.625955632579595,12.607537790838741
Average,13.056669690727862,12.845298892313028,12.757308496797423,12.741925560581219
