models,k,RSquared,RMSE,BIC
(1),83.0,0.23707714754404552,72.37533048168176,164747.89847134764
(2),86.0,0.24201523545106596,72.14072226314424,164683.24714550615
(3),91.0,0.25085229018054156,71.71895880713097,164562.4906159559
