,Number of predictors,CV RMSE,CV AUC
X1,18.0,0.42631302664849624,0.580187673967275
X2,38.0,0.42371574950113855,0.6084056489258634
X3,50.0,0.44584095401025226,0.5244137707001448
